,Peso(kg),Altura(m),IMC,Classificação
0,47,16.1,0.1813201651170865,Sobpeso
1,80,17.0,0.2768166089965398,Sobpeso
2,60,17.5,0.19591836734693877,Sobpeso
3,90,16.2,0.3429355281207133,Sobpeso
4,100,18.5,0.2921840759678597,Sobpeso
5,147,18.9,0.41152263374485604,Sobpeso
