,Peso(kg),Altura(m),IMC,Classificação
0,47,1.61,18.132016511708652,Sobpeso
1,80,1.7,27.68166089965398,Sobrepeso
2,60,1.75,19.591836734693878,Normal
3,90,1.62,34.293552812071326,Obesidade Grau I
4,100,1.85,29.218407596785973,Sobrepeso
5,147,1.89,41.1522633744856,Obesidade Grau II
